
{
  "pacientes": [
    {
      "id": "P001",
      "nome": "Joana Silva",
      "data_nascimento": "1990-03-12",
      "scan_3d": "joana_face.obj",
      "resonancia_rmn": "joana_rmn_2025.nii.gz",
      "espessura_pele_mm": {"malar": 2.1, "mentoniano": 1.8},
      "trajetoria_segura": [
        {"x": 10, "y": 10, "z": 5},
        {"x": 12, "y": 14, "z": 6}
      ],
      "volume_acido_por_zona_ml": {"malar": 0.5},
      "log_procedimento": {"data_execucao": "2025-06-25", "tempo_total_min": 22}
    }
  ]
}
